{
	"class_name" : "PinholeCameraParameters",
	"extrinsic" : 
	[
		-0.40443667107875886,
		0.82179958833439304,
		-0.40134326417688154,
		0.0,
		0.34589249306745551,
		-0.26879449421186308,
		-0.89894822048935008,
		0.0,
		-0.846634137231846,
		-0.50238924798885876,
		-0.17554395796744723,
		0.0,
		0.21149992343898819,
		0.20852414674200798,
		0.56897724220792356,
		1.0
	],
	"intrinsic" : 
	{
		"height" : 1080,
		"intrinsic_matrix" : 
		[
			935.30743608719376,
			0.0,
			0.0,
			0.0,
			935.30743608719376,
			0.0,
			959.5,
			539.5,
			1.0
		],
		"width" : 1920
	},
	"version_major" : 1,
	"version_minor" : 0
}