{
	"class_name" : "PinholeCameraParameters",
	"extrinsic" : 
	[
		0.67803658669897426,
		0.58657276501555233,
		-0.44294331289637295,
		0.0,
		0.72263889466059927,
		-0.42179427293635541,
		0.54761539353984445,
		0.0,
		0.13438532293860017,
		-0.69139133828831056,
		-0.70987224365979207,
		0.0,
		-0.24625747359804315,
		0.70395334776818475,
		0.95376345102049587,
		1.0
	],
	"intrinsic" : 
	{
		"height" : 1403,
		"intrinsic_matrix" : 
		[
			1215.0336415095676,
			0.0,
			0.0,
			0.0,
			1215.0336415095676,
			0.0,
			1279.5,
			701.0,
			1.0
		],
		"width" : 2560
	},
	"version_major" : 1,
	"version_minor" : 0
}