{
	"class_name" : "PinholeCameraParameters",
	"extrinsic" : 
	[
		0.94327010620694951,
		0.2393253864376052,
		-0.23014097015269,
		0.0,
		0.3283056762770154,
		-0.56881575391317918,
		0.75409815078971876,
		0.0,
		0.049567021905920106,
		-0.78687482963090938,
		-0.61511877945052651,
		0.0,
		0.22877125279223662,
		0.76929104801614134,
		2.1865014261125597,
		1.0
	],
	"intrinsic" : 
	{
		"height" : 1080,
		"intrinsic_matrix" : 
		[
			935.30743608719376,
			0.0,
			0.0,
			0.0,
			935.30743608719376,
			0.0,
			959.5,
			539.5,
			1.0
		],
		"width" : 1920
	},
	"version_major" : 1,
	"version_minor" : 0
}