{
	"class_name" : "PinholeCameraParameters",
	"extrinsic" : 
	[
		-0.88348230095996549,
		-0.358730204045284,
		0.30128336262746747,
		0.0,
		-0.42269357531013907,
		0.88769740054715018,
		-0.18254716227146431,
		0.0,
		-0.20196327706297729,
		-0.28862772868777087,
		-0.93589789451121308,
		0.0,
		127.23961626430466,
		-0.72065176753177695,
		56.596840854217284,
		1.0
	],
	"intrinsic" : 
	{
		"height" : 1080,
		"intrinsic_matrix" : 
		[
			935.30743608719376,
			0.0,
			0.0,
			0.0,
			935.30743608719376,
			0.0,
			959.5,
			539.5,
			1.0
		],
		"width" : 1920
	},
	"version_major" : 1,
	"version_minor" : 0
}